有價證券代號及名稱,國際證券辨識號碼(ISIN Code),登錄日,市場別,CFICode,備註
普通股
7401　格外農品,TW0007401B17,2025/12/23,創櫃板,ESVUFR,
7403　紐因科技,TW0007403B15,2025/12/29,創櫃板,ESVUFR,
7405　騰雲運算,TW0007405B13,2025/12/24,創櫃板,ESVUFR,
7406　宇萌,TW0007406001,2014/03/31,創櫃板,ESVUFR,
7407　京冠,TW0007407009,2014/03/14,創櫃板,ESVUFR,
7408　易得雲端,TW0007408B10,2025/12/31,創櫃板,ESVUFR,
7410　萬寶隆空間設計,TW0007410B16,2025/12/30,創櫃板,ESVUFR,
7411　澤聖擺渡,TW0007411B15,2026/04/10,創櫃板,ESVUFR,
7412　生態綠,TW0007412009,2014/03/21,創櫃板,ESVUFR,
7413　多扶,TW0007413007,2014/04/18,創櫃板,ESVUFR,
7416　天工精密,TW0007416B10,2026/04/30,創櫃板,ESVUFR,
7425　膳安,TW0007425001,2014/06/30,創櫃板,ESVUFR,
7428　戴維,TW0007428005,2014/06/13,創櫃板,ESVUFR,
7449　元皓,TW0007449001,2014/12/26,創櫃板,ESVUFR,
7450　那米亞,TW0007450009,2014/12/15,創櫃板,ESVUFR,
7451　頂豪,TW0007451007,2014/12/31,創櫃板,ESVUFR,
7457　月太湛,TW0007457004,2014/12/29,創櫃板,ESVUFR,
7485　福倫,TW0007485B16,2015/12/15,創櫃板,ESVUFR,
7487　同仁生,TW0007487B14,2015/12/28,創櫃板,ESVUFR,
7490　樂群,TW0007490B19,2015/12/30,創櫃板,ESVUFR,
7491　車之輪,TW0007491B18,2016/01/06,創櫃板,ESVUFR,
7492　一等一,TW0007492B17,2016/01/25,創櫃板,ESVUFR,
7503　自由系統,TW0007503B14,2016/09/08,創櫃板,ESVUFR,
7505　立達科,TW0007505B12,2016/09/28,創櫃板,ESVUFR,
7518　宏泰工,TW0007518B17,2017/06/19,創櫃板,ESVUFR,
7519　歐思佛生技,TW0007519B16,2017/06/16,創櫃板,ESVUFR,
7520　沛美,TW0007520B13,2017/06/20,創櫃板,ESVUFR,
7521　千才生醫,TW0007521B12,2017/05/25,創櫃板,ESVUFR,
7525　綠品生技,TW0007525B18,2017/09/20,創櫃板,ESVUFR,
7529　台鼎,TW0007529B14,2017/09/01,創櫃板,ESVUFR,
7532　華圓設計,TW0007532B19,2017/10/16,創櫃板,ESVUFR,
7534　安博森,TW0007534B17,2017/10/24,創櫃板,ESVUFR,
7536　醫百科技,TW0007536B15,2018/03/12,創櫃板,ESVUFR,
7539　鐵碳企業,TW0007539B12,2018/02/01,創櫃板,ESVUFR,
7541　彬騰,TW0007541B18,2018/03/29,創櫃板,ESVUFR,
7542　宥盛,TW0007542B17,2018/04/30,創櫃板,ESVUFR,
7543　富宸,TW0007543B16,2018/04/20,創櫃板,ESVUFR,
7545　台邦,TW0007545B14,2018/05/21,創櫃板,ESVUFR,
7546　綠野馬術,TW0007546B13,2018/06/04,創櫃板,ESVUFR,
7548　偉喬生醫,TW0007548B11,2018/07/16,創櫃板,ESVUFR,
7554　十鼓文創,TW0007554B12,2018/10/25,創櫃板,ESVUFR,
7557　牧陽能控,TW0007557B19,2018/08/24,創櫃板,ESVUFR,
7568　邦柏智慧,TW0007568B16,2019/01/16,創櫃板,ESVUFR,
7569　發條橘子,TW0007569B15,2019/03/29,創櫃板,ESVUFR,
7571　流行時尚,TW0007571B11,2019/04/30,創櫃板,ESVUFR,
7572　好食,TW0007572B10,2019/05/02,創櫃板,ESVUFR,
7573　高曼,TW0007573B19,2019/05/06,創櫃板,ESVUFR,
7574　元健大和,TW0007574B18,2019/07/31,創櫃板,ESVUFR,
7576　丰丹嚴選本舖,TW0007576B16,2019/10/30,創櫃板,ESVUFR,
7577　精彩創意,TW0007577B15,2019/11/18,創櫃板,ESVUFR,
7580　環虹錕騰,TW0007580B10,2020/01/21,創櫃板,ESVUFR,
7587　環球睿視,TW0007587B13,2020/05/18,創櫃板,ESVUFR,
7588　巨力搬家,TW0007588B12,2020/07/08,創櫃板,ESVUFR,
7589　優思,TW0007589B11,2020/06/09,創櫃板,ESVUFR,
7591　多利生醫,TW0007591B17,2020/12/23,創櫃板,ESVUFR,
7592　艾思特,TW0007592B16,2020/11/18,創櫃板,ESVUFR,
7593　優思睿智科技,TW0007593B15,2020/11/20,創櫃板,ESVUFR,
7596　滙嘉健康,TW0007596B12,2020/12/15,創櫃板,ESVUFR,
7600　大麥網路,TW0007600B16,2021/03/10,創櫃板,ESVUFR,
7603　戴爾美語,TW0007603003,2021/07/17,創櫃板,ESVUFR,
7605　雲程在線,TW0007605008,2021/07/01,創櫃板,ESVUFR,
7606　瀚將,TW0007606006,2021/08/20,創櫃板,ESVUFR,
7608　久方生技,TW0007608002,2021/11/30,創櫃板,ESVUFR,
7609　樂居科技,TW0007609B17,2021/12/08,創櫃板,ESVUFR,
7611　京碼,TW0007611B13,2021/12/07,創櫃板,ESVUFR,
7613　金嘉隆,TW0007613B11,2022/01/03,創櫃板,ESVUFR,
7618　益瑞,TW0007618B16,2022/05/31,創櫃板,ESVUFR,
7619　李連資源,TW0007619B15,2022/09/12,創櫃板,ESVUFR,
7622　摩境,TW0007622B10,2022/09/26,創櫃板,ESVUFR,
7623　寶貝友,TW0007623B19,2022/09/20,創櫃板,ESVUFR,
7624　數位經濟,TW0007624B18,2026/03/31,創櫃板,ESVUFR,
7627　澄交生技,TW0007627B15,2022/10/24,創櫃板,ESVUFR,
7628　木盆,TW0007628B14,2022/10/27,創櫃板,ESVUFR,
7629　峰安車業,TW0007629B13,2022/12/15,創櫃板,ESVUFR,
7630　鉅秀,TW0007630B10,2023/01/03,創櫃板,ESVUFR,
7632　海神,TW0007632B18,2023/02/21,創櫃板,ESVUFR,
7633　大鼎冷鏈,TW0007633B17,2022/12/12,創櫃板,ESVUFR,
7634　田榮,TW0007634B16,2023/02/15,創櫃板,ESVUFR,
7635　禾新生技,TW0007635B15,2023/03/21,創櫃板,ESVUFR,
7638　基育生技,TW0007638B12,2023/03/06,創櫃板,ESVUFR,
7640　媽咪樂健康,TW0007640B18,2023/04/12,創櫃板,ESVUFR,
7641　健談,TW0007641B17,2023/06/20,創櫃板,ESVUFR,
7643　萬里遊,TW0007643B15,2023/07/25,創櫃板,ESVUFR,
7644　台灣居護,TW0007644B14,2023/11/16,創櫃板,ESVUFR,
7645　聯和趨動,TW0007645B13,2023/09/18,創櫃板,ESVUFR,
7646　龍蓁淳,TW0007646B12,2023/08/03,創櫃板,ESVUFR,
7647　慧穎,TW0007647B11,2023/09/01,創櫃板,ESVUFR,
7648　百陽生技,TW0007648B10,2023/09/26,創櫃板,ESVUFR,
7649　正崴生技,TW0007649B19,2023/10/04,創櫃板,ESVUFR,
7650　寶奇生技,TW0007650B15,2023/10/25,創櫃板,ESVUFR,
7651　雷應科技,TW0007651B14,2023/12/06,創櫃板,ESVUFR,
7652　大中圖書,TW0007652B13,2023/11/29,創櫃板,ESVUFR,
7653　動聯,TW0007653B12,2023/12/06,創櫃板,ESVUFR,
7654　吉緻生活,TW0007654B11,2024/04/12,創櫃板,ESVUFR,
7655　依得科,TW0007655B10,2024/05/24,創櫃板,ESVUFR,
7656　全瑩生技,TW0007656B19,2024/07/16,創櫃板,ESVUFR,
7657　亞瑞仕,TW0007657B18,2024/09/09,創櫃板,ESVUFR,
7658　乙丁,TW0007658B17,2024/11/29,創櫃板,ESVUFR,
7661　皓德盛科技,TW0007661B12,2024/12/16,創櫃板,ESVUFR,
7663　數位玩家,TW0007663B10,2025/02/05,創櫃板,ESVUFR,
7664　盛雲藥品,TW0007664B19,2024/11/19,創櫃板,ESVUFR,
7665　小鹿文娛,TW0007665B18,2025/06/10,創櫃板,ESVUFR,
7666　晨間廚房,TW0007666B17,2025/02/18,創櫃板,ESVUFR,
7667　露奇亞,TW0007667B16,2025/02/18,創櫃板,ESVUFR,
7668　金玻,TW0007668B15,2025/03/26,創櫃板,ESVUFR,
7670　淞康,TW0007670B11,2025/06/18,創櫃板,ESVUFR,
7671　寶泓生醫,TW0007671B10,2025/03/27,創櫃板,ESVUFR,
7672　台灣穩鴻,TW0007672B19,2025/03/31,創櫃板,ESVUFR,
7673　方鼎資訊,TW0007673B18,2025/05/07,創櫃板,ESVUFR,
7674　數位獵人,TW0007674B17,2025/05/28,創櫃板,ESVUFR,
7675　卡德爾,TW0007675B16,2025/05/16,創櫃板,ESVUFR,
7677　埃爾思,TW0007677B14,2025/06/06,創櫃板,ESVUFR,
7678　矽谷能源,TW0007678B13,2025/08/15,創櫃板,ESVUFR,
7679　擺渡,TW0007679B12,2025/06/26,創櫃板,ESVUFR,
7680　美家人力,TW0007680B19,2025/07/28,創櫃板,ESVUFR,
7681　深禾醫,TW0007681B18,2025/07/02,創櫃板,ESVUFR,
7682　永進木器,TW0007682B17,2025/06/30,創櫃板,ESVUFR,
7683　瑪旺生醫,TW0007683B16,2025/07/15,創櫃板,ESVUFR,
7684　對稱資訊,TW0007684B15,2025/07/15,創櫃板,ESVUFR,
7685　偉孚,TW0007685B14,2025/08/15,創櫃板,ESVUFR,
7686　捷立康,TW0007686B13,2025/07/29,創櫃板,ESVUFR,
7687　佐見啦,TW0007687B12,2025/07/24,創櫃板,ESVUFR,
7688　創客共好,TW0007688B11,2025/08/15,創櫃板,ESVUFR,
7690　崙禾社企,TW0007690B17,2025/10/03,創櫃板,ESVUFR,
7691　亞歆海洋,TW0007691B16,2025/10/03,創櫃板,ESVUFR,
7692　台智能,TW0007692B15,2025/08/27,創櫃板,ESVUFR,
7693　全球系統,TW0007693B14,2025/10/22,創櫃板,ESVUFR,
7694　寶澤,TW0007694B13,2025/10/13,創櫃板,ESVUFR,
7695　宏潤生技,TW0007695B12,2025/12/29,創櫃板,ESVUFR,
7696　遠醫科,TW0007696B11,2025/11/11,創櫃板,ESVUFR,
7697　微笑元素創意,TW0007697B10,2025/12/26,創櫃板,ESVUFR,
7698　天龍材料,TW0007698B19,2025/12/31,創櫃板,ESVUFR,
7699　瑞利光,TW0007699B18,2025/12/31,創櫃板,ESVUFR,
